{
  "project_info": {
    "project_number": "123456789012",
    "project_id": "alpha-security-app",
    "storage_bucket": "alpha-security-app.appspot.com"
  },
  "client": [
    {
      "client_info": {
        "mobilesdk_app_id": "1:123456789012:android:abcdef1234567890abcdef",
        "android_client_info": {
          "package_name": "com.example.alpha"
        }
      },
      "oauth_client": [
        {
          "client_id": "123456789012-abcdef1234567890abcdef1234567890.apps.googleusercontent.com",
          "client_type": 3
        }
      ],
      "api_key": [
        {
          "current_key": "AIzaSyA_placeholder_key_replace_with_real_one"
        }
      ],
      "services": {
        "appinvite_service": {
          "other_platform_oauth_client": [
            {
              "client_id": "123456789012-abcdef1234567890abcdef1234567890.apps.googleusercontent.com",
              "client_type": 3
            }
          ]
        }
      }
    }
  ],
  "configuration_version": "1"
}